{"cameraMode":{"drawMode":0,"name":"Shaded","section":"Shading Mode"},"sceneLighting":false,"audioPlay":false,"sceneViewState":{"showFog":true,"showMaterialUpdate":false,"showSkybox":false,"showFlares":true,"showImageEffects":true,"showParticleSystems":true,"showVisualEffectGraphs":true,"m_FxEnabled":true},"in2DMode":false,"pivot":{"x":14.609999656677246,"y":0.14965000748634339,"z":-15.770000457763672},"rotation":{"x":-0.6942869424819946,"y":-0.03084501437842846,"z":0.029801931232213975,"w":-0.7184303402900696},"size":1.1260898113250733,"orthographic":false}