{"cameraMode":{"drawMode":0,"name":"Shaded","section":"Shading Mode"},"sceneLighting":false,"audioPlay":false,"sceneViewState":{"showFog":true,"showMaterialUpdate":false,"showSkybox":false,"showFlares":true,"showImageEffects":true,"showParticleSystems":true,"showVisualEffectGraphs":true,"m_FxEnabled":true},"in2DMode":false,"pivot":{"x":0.29067108035087588,"y":1.4213924407958985,"z":1.4383347034454346},"rotation":{"x":-0.43254712224006655,"y":-0.07101792097091675,"z":0.03419557213783264,"w":-0.8981684446334839},"size":3.11570405960083,"orthographic":false}